name,education,networth
Amos Hostetter Jr.,"['Amherst College', 'Harvard University', 'Economics']",3.2E9
Ana Patricia Botín,"['Bryn Mawr College', 'Harvard Business School']",1.35E8
Anand Mahindra,"['Lawrence School Lovedale', 'Harvard University', 'Harvard Business School']",1.2E9
Anil Ambani,"['Wharton School of the University of Pennsylvania', 'University of Mumbai']",4.3E9
Anil Kumar,"['Imperial College London', 'Indian Institute of Technology Bombay', 'Wharton School of the University of Pennsylvania', 'The Doon School']",50.0
Anthony Pritzker,"['Dartmouth College', 'University of Chicago']",3.4E9
Alejandro Santo Domingo,"['Harvard University', 'Hotchkiss School']",4.6E9
Alexander Knaster,"['Carnegie Mellon University', 'Harvard Business School']",2.2E9
Allan Gray (investor),"['Rhodes University', 'Harvard Business School']",1.05E10
Ayman Asfari,"['University of Pennsylvania', 'Villanova University']",1.2E9
Abigail Johnson,"['Hobart and William Smith Colleges', 'Harvard Business School']",1.37E10
Abílio Diniz,"['Columbia University', 'University of Dayton', 'Fundação Getúlio Vargas']",4.4E9
Alan Leventhal,"['Dartmouth College', 'Northwestern University']",1.0E9
Alan Trefler,['Dartmouth College'],1.0E9
Belmiro de Azevedo,"['Stanford University', 'Harvard University', 'University of Porto']",1.5E9
Ben Silbermann,['Yale University'],1.6E9
Ben Stein,"['Columbia University', 'Yale Law School']",2.0E7
Bernard Broermann,['Harvard University'],2.9E9
Bill Ackman,"['Harvard College', 'Harvard Business School']",2.6E9
Brian L. Roberts,"['Wharton School of the University of Pennsylvania', 'Germantown Academy']",1.47E9
Bruno Schroder,"['University College Oxford', 'François Rabelais University', 'Harvard Business School', 'Eton College']",5.0E9
Charlie Munger,"['California Institute of Technology', 'University of Michigan', 'Berkshire Hathaway', 'Wesco Financial', 'Daily Journal Corporation', 'Harvard Law School']",1.21E9
Chris Hohn,"['University of Southampton', 'Harvard Business School']","['1.1E9', '6.57E8']"
Chung Yong-jin,['Brown University'],1.3E9
Cargill MacMillan Jr,['Yale University'],2.6E9
Carl Icahn,"['Princeton University', 'New York University School of Medicine']",1.7E10
Chad Hurley,['Indiana University of Pennsylvania'],3.55E8
Charles Bartlett Johnson,['Yale University'],4.6E9
Charles Butt,"['University of Pennsylvania', 'Harvard Business School']",1.08E10
David Bonderman,"['University of Washington', 'Harvard Law School']",2.6E9
David Einhorn (hedge fund manager),['Cornell University'],1.93E9
David Gottesman,"['Trinity College (Connecticut)', 'Harvard University']",1.76E9
David Rockefeller,"['University of Chicago', 'London School of Economics', 'Harvard University', 'Doctor of Philosophy', 'Bachelor of Arts']",3.0E9
Dirk Edward Ziff,"['Columbia University', 'Harvard University']",5.0E9
Donald Trump Jr.,['University of Pennsylvania'],2.75E8
Dustin Moskovitz,['Harvard University'],9.2E9
Daniel A. D'Aniello,"['Syracuse University', 'Harvard Business School']",3.0E9
Daniel M. Ziff,['Columbia University'],5.0E9
Daniel Och,['University of Pennsylvania'],3.9E9
Daniel S. Loeb,['Columbia University'],2.6E9
Edmund Ansin,"['University of Pennsylvania', 'Wharton School of the University of Pennsylvania']",1.4E9
Eduardo Saverin,['Harvard University'],7.2E9
Edward Harkness,"[""St Paul's School London"", 'Columbia Law School', 'Yale College']",1.55E8
Eric Schmidt,"['Princeton University', 'University of California Berkeley']",1.03E10
Ernesto Bertarelli,"['Babson College', 'Harvard Business School']",8.7E9
Eugenio Lopez III,"['Bowdoin College', 'Harvard Business School']",9.0E7
Frank Batten,"['University of Virginia', 'Harvard University']",2.3E9
Frederick R. Koch,"['Harvard University', 'Playwright', 'Bachelor of Arts', 'Master of Fine Arts', 'Liberal arts education']",4.0E9
Frederick W. Smith,['Yale University'],3.6E9
Forrest Mars Jr.,"['Yale University', 'Hotchkiss School', 'New York University']",2.36E10
Forrest Mars Sr.,['Yale University'],4.0E9
George Joseph (West Virginia),['Harvard University'],1.15E9
George Kaiser,"['Harvard College', 'Harvard Business School']",7.1E9
George Lindemann,['Wharton School of the University of Pennsylvania'],4.0E9
Gianfelice Rocca,"['University of Milan', 'Harvard Business School']",4.7E9
Gabe Newell,['Harvard University'],2.2E9
Gordon McLendon,"['Yale University', 'Harvard Law School']",2.5E8
Hiroshi Mikitani,"['Hitotsubashi University', 'Harvard University']",8.7E9
Howard Marks (investor),"['University of Chicago', 'Wharton School of the University of Pennsylvania']",2.0E9
Hyatt Bass,['Princeton University'],2.8E8
Hüsnü Özyeğin,"['Oregon State University', 'Harvard University']",2.7E9
Hansjörg Wyss,"['ETH Zurich', 'Harvard Business School']",6.1E9
Henry Kravis,"['Columbia Business School', 'Claremont McKenna College']",4.8E9
Henry Silverman,"['Williams College', 'University of Pennsylvania Law School']",3.0E8
Henry Swieca,"['Columbia Business School', 'Stony Brook University']",1.3E9
Indra Nooyi,"['Indian Institute of Management Calcutta', 'Madras Christian College', 'Yale School of Management']",1.44E8
Irvine Laidlaw Baron Laidlaw,"['Columbia Business School', 'University of Leeds', 'Merchiston Castle School']",7.45E8
Irwin M. Jacobs,"['Massachusetts Institute of Technology', 'Cornell University', 'Doctor of Science']",1.23E9
Jerry Speyer,['Columbia University'],4.0E9
Jim Balsillie,"['Wilfrid Laurier University', 'University of Toronto', 'Harvard Business School']",8.0E8
Jim Breyer,"['Stanford University', 'Harvard University']",2.0E9
Jim Pattison,['University of British Columbia'],6.6E9
John C. Malone,"['Yale University', 'Johns Hopkins University', 'New York University', 'Doctor of Philosophy']",6.5E9
John Doerr,"['Rice University', 'Harvard Business School']",4.1E9
Jamie Dimon,"['Tufts University', 'Harvard Business School']",1.1
Jeff Bezos,['Princeton University'],4.89E10
Jeff Greene,"['Johns Hopkins University', 'Harvard Business School']",3.0E9
Jeff Sutton (real estate developer),['University of Pennsylvania'],3.4E9
Jerome Kohlberg Jr.,"['Swarthmore College', 'Columbia Law School', 'Harvard Business School']",1.2E9
John Franklyn Mars,"['Yale University', 'Hotchkiss School']",2.36E10
John J. Fisher,"['Princeton University', 'Stanford University']",2.4E9
John Kluge,['Columbia University'],6.5E9
John Ordronaux (doctor),"['Dartmouth College', 'Harvard Law School', 'National_Medical_School']",2757000.0
John Paulson,"['New York University', 'Harvard Business School', 'Master of Business Administration', 'Bachelor of Science']",9.8E9
John S. Middleton,"['Amherst College', 'Harvard Business School']",1.8E9
Jon Oringer,"['Columbia University', 'Stony Brook University']",1.0E9
Jonathan D. Gray,['University of Pennsylvania'],1.66E9
Jonathan M. Nelson,"['Brown University', 'Harvard Business School']",1.76E9
Jorge Paulo Lemann,['Harvard University'],2.82E10
Joshua Harris (businessman),"['Wharton School of the University of Pennsylvania', 'Harvard Business School']",2.4E9
J. Christopher Flowers,['Harvard University'],1.4E9
Jacky Xu,"['Nanyang Technological University', 'University of Liverpool', 'Harvard University']",1000000.0
Jaime Aristotle Alip,"['University of the Philippines', 'Harvard Business School']",6000000.0
Jaime Gilinski Bacal,['Harvard Business School'],2.9E9
James Dinan,"['University of Pennsylvania', 'Harvard University']",1.6E9
Ken Moelis,['Wharton School of the University of Pennsylvania'],3.86E8
Kenneth C. Griffin,['Harvard University'],7.3E9
Keshub Mahindra,"['University of Pennsylvania', 'Wharton School of the University of Pennsylvania']",6.15E8
Larry Robbins,['University of Pennsylvania'],2.3E9
Laurene Powell Jobs,"['University of Pennsylvania', 'Stanford Graduate School of Business', 'Master of Business Administration', 'Bachelor of Science', 'Bachelor of Arts']",1.67E10
Lee Bass,"['Yale University', 'Wharton School of the University of Pennsylvania']",1.96E9
Lee Jae-yong,"['Seoul National University', 'Keio University', 'Harvard Business School']",7.9E9
Leon Black,"['Dartmouth College', 'Harvard Business School']",4.5E9
Leon G. Cooperman,"['Columbia University', 'Hunter College']",3.7E9
Leonard Blavatnik,"['Columbia University', 'Moscow State University of Railway Engineering', 'Harvard University']",1.68E10
Leonard Lauder,"['Columbia University', 'University of Pennsylvania']",9.1E9
Leonard Schleifer,"['University of Virginia', 'Cornell University']",1.0E9
Louis Bacon,"['Columbia Business School', 'Middlebury College']",1.81E9
Louis V. Gerstner Jr.,"['Dartmouth College', 'Harvard Business School']",6.3E8
Malcolm Forbes,"['Princeton University', 'Lawrenceville School', 'Political science']",4.0E8
Manoj Bhargava,['Princeton University'],1.5E9
Marc Rowan,['Wharton School of the University of Pennsylvania'],2.83E9
Marcel Herrmann Telles,"['Federal University of Rio de Janeiro', 'Harvard University']",1.28E10
Marcos Galperin,"['Stanford University', 'Wharton School of the University of Pennsylvania']",4.0E8
Meg Whitman,"['Princeton University', 'Harvard Business School']",2.1E9
Michael Moritz,"['Christ Church Oxford', 'Wharton School of the University of Pennsylvania']",3.0E9
Mario Gabelli,"['Columbia Business School', 'Fordham University']",1.1E9
Marjorie Yang,"['Massachusetts Institute of Technology', 'Harvard Business School']",1.0E9
Mark Pears,"['Harvard Business School', 'City of London School']",2.1E9
Mark Pincus,"['University of Pennsylvania', 'Harvard University']",1.1E9
Mark Stevens (venture capitalist),"['University of Southern California', 'Harvard University']",1.83E9
Mark Zuckerberg,['Harvard University'],4.6E10
Martin Sorrell,"[""Christ's College Cambridge"", ""Haberdashers' Aske's Boys' School"", 'Harvard University']",2.57E8
Matt Cohler,['Yale University'],7.0E8
Mortimer Zuckerman,"['Wharton School of the University of Pennsylvania', 'McGill University', 'Harvard Law School', 'Bachelor of Civil Law']",2.4E9
Nathan Blecharczyk,['Harvard University'],1.9E9
Nelson Peltz,['Wharton School of the University of Pennsylvania'],1.35E9
Patrick Soon-Shiong,"['University of California Los Angeles', 'University of British Columbia', 'University of the Witwatersrand']",1.18E10
Paul Singer (businessman),"['University of Rochester', 'Juris Doctor', 'Bachelor of Science', 'Harvard Law School']",2.1E9
Peter B. Lewis,['Princeton University'],1.25E9
Peter Buck (restaurateur),"['Columbia University', 'Bowdoin College', 'Doctor of Humane Letters']",2.6E9
Peter Livanos,['Columbia University'],7.0E9
Peter Lynch,"['Boston College', 'Wharton School of the University of Pennsylvania']",3.52E8
Phillip Ean Cohen,"['University of Melbourne', 'Harvard Business School']",500.0
Robert Bass,"['Stanford University', 'Yale University']",5.5E9
Robert D. Ziff,"['Cornell University', 'Harvard University']",5.0E9
Robert J. Fisher,"['Princeton University', 'Stanford University']",1.6E9
Robert L. Johnson,"['Princeton University', 'University of Illinois at Urbana–Champaign']",5.5E8
Roberto Civita,['Wharton School of the University of Pennsylvania'],4.9E9
Ron Daniel,"['Wesleyan University', 'Harvard Business School']",50.0
Ronald Mourad Cohen,"['University of Oxford', 'Harvard Business School']",2.2E8
Randy Lerner,"['Columbia University', 'Columbia Law School']",1.1E9
Raymond Kwok,"['Harvard Business School', 'University of Cambridge']",1.63E10
Richard LeFrak,"['Columbia University', 'Amherst College']",6.5E9
Rahul Bajaj,['Harvard Business School'],2.7E9
Raj Rajaratnam,['Wharton School of the University of Pennsylvania'],1.8E9
Rajat Gupta,"['Indian Institute of Technology Delhi', 'Harvard Business School']",1.0E8
Sean Healey,"['Harvard College', 'Harvard Law School']",1.0E8
Seth Klarman,"['Cornell University', 'Harvard Business School']",1.35E9
Sheryl Sandberg,"['Harvard University', 'Master of Business Administration']",1.31E9
Shin Dong-bin,"['Columbia University', 'Aoyama Gakuin University']",1.48E9
Sid Bass,"['Yale University', 'Stanford Graduate School of Business']",3.0E9
Stephen A. Jarislowsky,"['Cornell University', 'Harvard Business School']",1.6E9
Stephen A. Schwarzman,"['Yale University', 'Harvard Business School']",9.7E9
Stephen Mandel (hedge fund manager),"['Dartmouth College', 'Harvard University']",1.8E9
Steve Ballmer,"['Stanford Graduate School of Business', 'Harvard University']",2.4E10
Steve Feinberg,['Princeton University'],1.25E9
Steve Wynn,['University of Pennsylvania'],2.3E9
Steven A. Cohen,['Wharton School of the University of Pennsylvania'],1.2E10
Steven A. Kandarian,"['Georgetown University', 'Clark University', 'Harvard Business School']",1.37E7
Steven Roth,"['Dartmouth College', 'Tuck School of Business']",1.0E9
S. Robson Walton,"['Columbia Law School', 'University of Arkansas']",3.21E10
Safra A. Catz,"['University of Pennsylvania', 'University of Pennsylvania Law School']",5.25E8
Sanford I. Weill,['Cornell University'],1.0E9
Stuart A. Miller,"['University of Miami', 'Harvard Business School']",9.0E8
Thomas H. Lee (businessman),['Harvard College'],2.0E9
Thomas W. Lamont,"['Phillips Exeter Academy', 'Harvard University']",2.5E7
Tom Steyer,"['Stanford Graduate School of Business', 'Yale College']",1.6E9
Tony Hsieh,['Harvard University'],8.4E8
Tony Ressler,"['Columbia University', 'Georgetown University']",1.42E9
Tory Burch,['University of Pennsylvania'],1.0E9
Ted Turner,"['Brown University', 'The McCallie School']",2.2E9
Terrence Pegula,['Pennsylvania State University'],4.0E9
Victor Fung,"['Massachusetts Institute of Technology', 'Harvard Business School']",2.9E9
Vincent Astor,['Harvard University'],1.5E9
Warren Buffett,"['Columbia Business School', 'University of Nebraska–Lincoln', 'Economics', 'Master of Science']",6.1E10
Whitney MacMillan,['Yale University'],4.6E9
Wilbur Ross,"['Yale University', 'Xavier High School (New York City)', 'Harvard Business School']",2.9E9
William Backhouse Astor Jr.,['Columbia College Columbia University'],7.2E7
William Clay Ford Sr.,"['Yale University', 'Hotchkiss School']",1.4E9
William E. Conway Jr.,"['Dartmouth College', 'Booth School of Business']",2.5E9
William Nelson Cromwell,['Columbia Law School'],1.5E7
William Randolph Hearst III,['Harvard University'],1.8E9
William S. Fisher,"['Princeton University', 'Stanford University']",1.55E9
Willis Sharpe Kilmer,['Cornell University'],10.0
Yuri Milner,"['Wharton School of the University of Pennsylvania', 'Moscow State University']",3.1E9
A. Alfred Taubman,"['Lawrence Technological University', 'Taubman College of Architecture and Urban Planning']",3.1E9
Andrew Beal,"['Michigan State University', 'Baylor University']",7.6E9
Andrew Black (gambling entrepreneur),"['University of Exeter', ""King's College School""]",1.25E8
Andrew Cherng,"['Baker University', 'University of Missouri']",3.2E9
Andrew Gower,['University of Cambridge'],1.38E8
Andrew Mason,"['Northwestern University', 'Bienen School of Music']",2.0E8
Andrew Tilles,['University of Arkansas'],3.60653E8
Andrey Melnichenko,['Plekhanov Russian University of Economics'],8.0E9
André Esteves,['Federal University of Rio de Janeiro'],2.2E9
Andrónico Luksic Craig,['Babson College'],1.46E7
Angela Ahrendts,['Ball State University'],1.5E8
Anita Zucker,"['University of Florida', 'University of North Florida']",2.1E9
Ann Gloag,['Perth High School'],1.04E9
Ann Walton Kroenke,['Lincoln University (Missouri)'],4.6E9
Anne Hendricks Bass,['Park Tudor School'],6.9E8
Anthony Bamford,['Ampleforth College'],3.1E9
Anton Rupert,['University of Pretoria'],2.3E9
Aldo Bensadoun,['McGill University'],1.7E9
Alec Gores,['Western Michigan University'],2.1E9
Alessandro Gadotti,['Sapienza University of Rome'],7.5E7
Alexander Mamut,['Moscow State University'],2.4E9
Alexander Nesis,['Saint Petersburg State Institute of Technology'],2.4E9
Alexander Putilov,"['Tyumen_Industrial_Institute', 'Bachelor of Arts']",1.1E9
Alexander Rovt,['Lviv Academy of Commerce'],1.2E9
Alexander Spanos,['University of the Pacific (United States)'],1.69E9
Alexei Mordashov,['Northumbria University'],1.32E10
Alfred E. Mann,['University of California Los Angeles'],1.5E9
Alfred I. du Pont,['Phillips Academy'],5.6E7
Ali Mufuruki,['Reutlingen University'],1.1E8
Alice Walton,['Trinity University (Texas)'],3.25E10
Aliko Dangote,['Al-Azhar University'],1.8E10
Alisher Usmanov,['Moscow State Institute of International Relations'],1.29E10
Alistair MacLean,"['University of Glasgow', 'Hillhead High School', 'Inverness Royal Academy', 'Daviot_School']",73347.0
Allen Stanford,"['Eastern Hills High School', 'Baylor University', 'Finance', 'Bachelor of Arts']",0.0
Aloke Lohia,"['University of Delhi', 'Bachelor of Commerce']",1.3E9
Aloysio de Andrade Faria,"['Northwestern University', 'Federal University of Minas Gerais']",2.2E9
Amar Bose,"['Massachusetts Institute of Technology', 'Doctor of Philosophy']",1.0E9
Antônio Ermírio de Moraes,['Colorado School of Mines'],3.1E9
Archie Aldis Emmerson,['Redding California'],3.9E9
Arif Naqvi,"['London School of Economics', 'Karachi Grammar School']",5.0E8
Arkady Rotenberg,['D. Mendeleev University of Chemical Technology of Russia'],1.26E9
Arnaud Lagardère,['Paris Dauphine University'],2.4E9
Arte Moreno,['University of Arizona'],1.81E9
Arthur Blank,['Babson College'],2.6E9
Arthur Wagner,"['Trinity College Cambridge', 'Eton College', 'Bachelor of Arts']",49907.0
Austen S. Cargill II,"['Oregon State University', 'University of Minnesota']",3.3E9
Aydın Doğan,['Marmara University'],1.0E9
Ayman Hariri,['Georgetown University'],1.04E9
Azim Premji,['Stanford University'],1.65E10
Adam D'Angelo,"['California Institute of Technology', 'Phillips Exeter Academy']",6.0E8
Adam Fleming (businessman),['Eton College'],1.5E9
Adi Godrej,['MIT Sloan School of Management'],4.0E9
Adolphus W. Green,['Boston Latin School'],2400000.0
Adrian Swire,"['Eton College', 'Wellesley House School']",2.4E9
Ajay Kalsi,"['London School of Economics', 'University of Cambridge']",1.2E9
Ajay Piramal,['University of Mumbai'],1.6E9
Al-Waleed bin Talal,"['Syracuse University', 'Menlo College']",2.4E10
Al Pacino,['HB Studio'],1.35E8
Alan Casden,['University of Southern California'],1.2E9
Alan Howard (hedge fund manager),['Imperial College London'],1.5E9
Alastair Salvesen,['Fettes College'],1.0E9
Barbra Streisand,['Erasmus Hall High School'],6.5E8
Barron Hilton,['University of Southern California'],2.5E9
Bernard Arnault,['École Polytechnique'],3.61E10
Bernard Ashley (businessman),['Whitgift School'],6.0E7
Bernard Marcus,"['Rutgers University', 'Rutgers University']",3.5E9
Bernard Spitzer,['City College of New York'],5.0E8
Bernardo Matte,['Pontifical Catholic University of Chile'],2.7E9
Bharat Desai,"['University of Michigan', 'Indian Institute of Technology Bombay']",2.5E9
Bhavin Turakhia,"['Ruparel College', 'Arya Vidya Mandir', 'Sydenham College']",4.0E8
Bill Gross,"['Duke University', 'UCLA Anderson School of Management']",2.3E9
Bill Koch (businessman),['Culver Academies'],2.0E9
Billy Graham,"['Wheaton College (Illinois)', 'Wheaton College (Illinois)', 'Trinity College (Florida)', 'Anthropology']",2.5E7
Binny Bansal,['Indian Institute of Technology Delhi'],1.3E9
Biz Stone,"['University of Massachusetts', 'Northeastern University']",2.0E8
Bjørn Kjos,"['University of Oslo', 'Royal Norwegian Air Force Academy']",300.0
Blair Parry-Okeden,['La Pietra'],9.8E9
Boaz Weinstein,['University of Michigan'],4.5E8
Bob McNair,['University of South Carolina'],3.3E9
Bob Parsons,['University of Baltimore'],2.3E9
Bobby Murphy (businessman),['Stanford University'],1.8E9
Boris Muzalev,['Odessa National Medical University'],1.61E8
Brian Acton,['Stanford University'],4.6E9
Brian Chesky,['Rhode Island School of Design'],3.3E9
Bruce Halle,['Eastern Michigan University'],5.1E9
Bruce Karsh,"['Duke University', 'University of Virginia']",1.65E9
Bülent Eczacıbaşı,"['Massachusetts Institute of Technology', 'University of London', 'Deutsche Schule Istanbul', 'Chemical engineering']",1.7E9
Baba Kalyani,"['Massachusetts Institute of Technology', 'Birla Institute of Technology and Science']",2.7E9
Babak Zanjani,['Ege University'],1.35E10
Charles Mbire,"['University of Essex', 'University of Leicester']",200.0
Charles R. Schwab,['Stanford University'],5.3E9
Charles Sirois,"['Laval University', 'Université de Sherbrooke']",8.11E8
Charles W. Engelhard Jr.,['University of Oxford'],2.5E8
Chase Coleman III,['Deerfield Academy'],2.3E9
Chen Fashu,['China Europe International Business School'],3.0E9
Chen Guangbiao,"['Peking University', 'Tsinghua University', 'Nanjing University', 'Nanjing University of Chinese Medicine', 'Master of Business Administration']","['4.0E8', '8.1E8']"
Chen Jianqiang,"['China Europe International Business School', 'Master of Business Administration']",7.8E8
Cheng Wai Keung,"['University of Chicago', 'Indiana University']",7.55E8
Cher Wang,['University of California'],8.8E9
Chey Tae-won,['University of Chicago'],4.2E9
Chris Evans (presenter),"['University Academy Warrington', 'Sir Thomas Boteler Church of England High School']",5.0E7
Chris Rokos,"['University of Oxford', 'Eton College']",1.0
Christoffel Wiese,"[""Paarl Boys' High School""]",5.3E9
Chung Mong-koo,"['Hanyang University', 'Hanyang University']",6.8E9
C. Dean Metropoulos,['Babson College'],2.4E9
Craig McCaw,['Stanford University'],1.84E9
Craig Newmark,['Case Western Reserve University'],4.0E8
Crispin Odey,['Christ Church Oxford'],1.1E9
Cyrus S. Poonawalla,['Brihan Maharashtra College of Commerce'],8.5E9
Caleb Chan,"['University of California Berkeley', 'University of San Francisco']",9.8E8
Carl Bennet,['University of Gothenburg'],2.8E9
Carlos Bulgheroni,['University of Buenos Aires'],5.1E9
Carlos Slim,"['National Autonomous University of Mexico', 'Civil engineering']",5.3E10
Charlene de Carvalho-Heineken,"['Leiden University', 'Rijnlands Lyceum Foundation']",1.34E10
Charles Brandes,"['Bucknell University', 'San Diego State University']",1.1E9
Charles Bronfman,['McGill University'],2.1E9
Charles Cruft (showman),"['Birkbeck University of London', 'Ardingly College']",30476.0
Charles D. Tandy,['Texas Christian University'],2.84E7
Charles Koch,"['Massachusetts Institute of Technology', 'Master of Science']",4.33E10
Daryl Katz,"['University of Alberta', 'Juris Doctor', 'Bachelor of Arts and Science']",3.5E9
David Azrieli,"['Technion – Israel Institute of Technology', 'Carleton University', 'Bachelor of Science']",3.1E9
David E. Shaw,"['Stanford University', 'University of California San Diego']",3.6E9
David Filo,"['Stanford University', 'Tulane University']",2.6E9
David G. Booth,"['University of Chicago', 'University of Kansas']",1.3E9
David Geffen,['University of Texas at Austin'],6.5E9
David Harding (financier),"[""St Catharine's College Cambridge"", 'Pangbourne College']",1.0E9
David Koch,"['Massachusetts Institute of Technology', 'Master of Science', 'Chemical engineering', 'Master of Science']",4.33E10
David L. Hallal,['University of New Hampshire'],7514610.0
David Ross (businessman),"['University of Nottingham', 'Uppingham School']",1.0E9
David Rubenstein,"['University of Chicago', 'Duke University']",2.5E9
David Tepper,"['Carnegie Mellon University', 'University of Pittsburgh']",1.14E10
DeShawn Snow,"['Michigan State University', 'Wayne Memorial High School']",1500000.0
DeVon Franklin,['University of Southern California'],1000000.0
Deborah Meaden,['City College Brighton & Hove'],4.0E7
Declan Donnelly,"[""St Cuthbert's High School""]",62.0
Dee Haslam,['University of Tennessee'],1.8E9
Denis O'Brien,"['Boston College', 'University College Dublin']",5.8E9
Denise Coates,['University of Sheffield'],3.9E9
Dick Enthoven,"['University of Southern California', 'London School of Economics']",1.1E9
Diego Della Valle,['University of Bologna'],1.6E9
Dilip Shanghvi,['University of Calcutta'],1.75E10
Ding Lei,['University of Electronic Science and Technology of China'],1.06E10
Ding Shijia,"['Fujian_Institute_of_Economics_and_Management', 'Businessperson']",1.0E9
Dinu Patriciu,['Ion Mincu University of Architecture and Urbanism'],2.7E9
Dmitry Kamenshchik,['Moscow State University'],4.8E9
Dmitry Mazepin,['Moscow State Institute of International Relations'],1.4E9
Dmitry Troitsky,"['Leningrad_Shipbuilding_Institute', 'Bachelor of Arts']",1.0E9
Don Hankey,['University of Southern California'],2.3E9
Donald Bren,['University of Washington'],1.51E10
Donald Fisher,['University of California Berkeley'],3.3E9
Donald Sterling,"['California State University Los Angeles', 'Southwestern Law School']",3.1E9
Dorabji Tata,"['University of Mumbai', 'Gonville and Caius College Cambridge']",1.0E7
Doug Richard,['University of California'],7.5E7
Drayton McLane Jr.,"['Michigan State University', 'Baylor University']",2.0E9
Drew Houston,['Massachusetts Institute of Technology'],1.3E9
Dan Gilbert (businessman),"['Michigan State University', 'Wayne State University Law School']",3.9E9
Daniel Willis James,['Amherst College'],2.6E7
Şevket Sabancı,"['University of Manchester Institute of Science and Technology', 'Textile manufacturing']",7.0
Edgar Bronfman Sr.,"['Williams College', 'McGill University']",2.6E9
Edgar E. Rand,['Webb School (Bell Buckle Tennessee)'],2523854.0
Edward J. DeBartolo Jr.,['University of Notre Dame'],2.7E9
Edward Johnson III,"['Milton Academy', 'Tabor Academy (Massachusetts)']",7.5E9
Edward Julius Berwind,['United States Naval Academy'],3.5E7
Edward P. Roski,"['University of Southern California', 'Bachelor of Science']",4.0E9
Edward W. Stack,['St. John Fisher College'],1.15E9
Edwin Davies,['Farnworth Grammar School'],100.0
Edwin Soeryadjaya,['University of Southern California'],1.0
Eike Batista,['RWTH Aachen University'],9.0E8
Elaine Wynn,['George Washington University'],1.2E9
Eli Broad,['Michigan State University'],7.4E9
Eliodoro Matte,"['Booth School of Business', 'Pontifical Catholic University of Chile']",2.7E9
Elizabeth Holmes,['Stanford University'],3.6E9
Elizabeth Noyce,['Tufts University'],1.0E8
Ellis Abraham Franklin,['Manchester Grammar School'],511000.0
Ellis Short,['Missouri University of Science and Technology'],2.4E9
Elon Musk,"['Pretoria Boys High School', 'Waterkloof House Preparatory School']",1.07E10
Elwood Haynes,"['Johns Hopkins University', 'Worcester Polytechnic Institute', 'Chemistry', 'Metallurgy', 'Biology']",2850000.0
Emil Hurezeanu,"['University of Virginia', 'Boston University', 'Babeș-Bolyai University', 'Master of Arts']",6.0
Emilio Azcárraga Jean,"['Universidad Iberoamericana', 'Lakefield College School']",2.0E9
Emilio Botín,['University of Deusto'],1.1E9
Emmanuel Besnier,"[""Lycée_de_l'Immaculée-Conception""]",6.7E9
Enrique K. Razon,"['De La Salle University', 'Business administration']",5.5E9
Eric Lefkofsky,['University of Michigan'],1.7E9
Eric R. George,"['Michigan State University', 'Marshall University']",2.25E8
Eric Trump,"['Georgetown University', 'The Hill School', 'Trinity School (New York City)']",1.5E8
Erick Thohir,"['Glendale Community College (California)', 'National University (California)']",9.6E8
Erol Sabancı,['Harris Manchester College Oxford'],1.3E9
Eugene Kaspersky,"['Moscow State University', 'Institute of Cryptography Telecommunications and Computer Science']",1.04E9
Eugene Shvidler,"['Fordham University', 'Gubkin Russian State University of Oil and Gas']",1.2E9
Eva Gonda de Rivera,['Monterrey Institute of Technology and Higher Education'],6.8E9
Evan Spiegel,['Stanford University'],2.1E9
Evelyn Robert de Rothschild,"['Trinity College Cambridge', 'Harrow School']",2.0E10
Francois-Xavier Souvay,['HEC Montréal'],1.15E8
Frank Fertitta III,['University of Southern California'],1.4E9
Frank Rainieri,"[""Saint Joseph's University""]",1.0E9
François-Henri Pinault,['HEC Paris'],1.38E10
Fred DeLuca,['University of Bridgeport'],3.5E9
Fredrik Lundberg,['Stockholm School of Economics'],1.5E9
Fahd Hariri,"[""École Spéciale d'Architecture""]",1.07E9
Farhad Moshiri (businessman),['University College London'],1.84E9
Fazle Hasan Abed,"['University of Glasgow', 'Dhaka College', 'Naval architecture']",2.7E9
Florentino Pérez,['Technical University of Madrid'],2.0E9
Gautam Singhania,['Cathedral and John Connon School'],1.4E9
Gayle Cook,['Indiana University Bloomington'],5.8E9
Geoffrey Edelsten,"['University of Melbourne', 'Mount Scopus Memorial College', 'Princes Hill Secondary College']",6.3E7
George P. Mitchell,['Texas A&M University'],2.0E9
George R. Roberts,"['University of California Hastings College of the Law', 'Claremont McKenna College']",5.1E9
George Soros,['London School of Economics'],2.45E10
Gerald J. Ford,['Southern Methodist University'],2.1E9
Geraldine Hughes,['University of California Los Angeles'],500000.0
Gert Verhulst,['Autodidacticism'],1.12E8
Gigi Pritzker,['Stanford University'],1.9E9
Gina Rinehart,"['University of Sydney', ""St Hilda's Anglican School for Girls""]",9.8E9
Galen Weston,['University of Western Ontario'],9.8E9
Glenn Beck,['Sehome High School'],9.0E7
Glenn Dubin,['Stony Brook University'],2.0E9
Graeme Hart,"['University of Otago', 'Master of Business Administration', 'Mount Roskill Grammar School', 'New Zealand', 'Auckland']",8.1E9
Graham Tuckwell,['Australian National University'],4.6E8
Greg Coffey,['Macquarie University'],7.43E8
Guo Guangchang,['Fudan University'],7.3E9
Gustavo Cisneros,"['Babson College', 'Suffield Academy']",4.0E9
Gwen Stefani,['California State University Fullerton'],8.0E7
Gérard Louis-Dreyfus,"['Duke University', 'Juris Doctor']",3.4E9
Hiroshi Yamauchi,['Waseda University'],2.5E9
Howard Schultz,['Northern Michigan University'],2.9E9
Hans Rausing,['Lund University'],1.25E10
Harindarpal Banga,"['Dufferin_(school)', 'Master mariner']",1.3E9
Harold Simmons,['University of Texas at Austin'],1.0E10
Harry Sargeant III,['Florida State University'],1.0E9
Harvey McGrath,"[""St Catharine's College Cambridge"", 'Methodist College Belfast']",1.0E8
Hassan Khosrowshahi,['University of Tehran'],9.4E8
Heather Mills,"['Washington Tyne and Wear', 'Chestnut Grove Academy']",2.43E7
Heinz Bauer (publisher),['University of Hamburg'],1.9E9
Helen Walton,['University of Oklahoma'],1.64E10
Henadiy Boholyubov,['Prydniprovska State Academy of Civil Engineering and Architecture'],1.8E9
Hennadiy Korban,['National Mining University of Ukraine'],1.53E8
Henry Hillman,"['Taft School', 'Shady Side Academy']",2.5E9
Henry Nicholas,"['University of California Los Angeles', 'Electrical engineering']",1.7E9
Henry Samueli,['University of California Los Angeles'],2.4E9
Henry Sy,['Far Eastern University'],1.57E10
Herbert Allen Jr.,['Williams College'],1.5E9
Herbert Kohler Jr.,['Choate Rosemary Hall'],7.4E9
Herbert Simon (real estate),['City College of New York'],2.9E9
Hamilton E. James,['Choate Rosemary Hall'],1.84E9
Ian Davis (businessman),"['University of Oxford', 'Balliol College Oxford']",50.0
Ian Livingstone (property developer),"['City University London', ""St Paul's School London""]",2.6E9
Ian Wood (businessman),"['University of Aberdeen', ""Robert Gordon's College""]",2.15E9
Idan Ofer,"['London Business School', 'University of Haifa']",4.1E9
Igor Olenicoff,['University of Southern California'],3.6E9
Igor Zyuzin,['Tula_Polytechnic_Institute'],1.8E9
Inna,['Ovidius University'],1.0E7
Ioan Niculae,['Ștefan Gheorghiu Academy'],1.2E9
Ira Rennert,"['Brooklyn College', 'New York University']",6.1E9
Isabel dos Santos,"[""King's College London""]",3.4E9
Iskander Makhmudov,['Tashkent University of Information Technologies'],6.5E9
Israel Englander,['New York University'],4.8E9
Ivica Todorić,['University of Zagreb'],5.73E8
Jessie Ball duPont,['Longwood University'],4.2E7
Jim Buckmaster,"['University of Michigan', 'Virginia Tech']",4.0E7
Jim Davis (business),['Middlebury College'],5.2E9
Jim Irsay,['Southern Methodist University'],2.3E9
Jim Justice,['Marshall University'],1.69E9
Jim McColl,"['University of Strathclyde', 'Stonelaw High School']","['1.0E9', '1.4E9']"
Jim Ratcliffe,"['University of Birmingham', 'London Business School', 'Beverley Grammar School']",3.2E9
Jim Walton,['University of Arkansas'],3.38E10
Jimmy Haslam,['University of Tennessee'],3.0E9
Joan Tisch,['University of Michigan'],2.8E9
Joe Craft,['University of Kentucky'],1.4E9
Joe Jamail,['University of Texas at Austin'],1.5E9
Joe Mansueto,['Munster High School'],2.2E9
Joe Ricketts,['Creighton University'],1.0E9
Joe Robbie,"['Northern State University', 'University of South Dakota School of Law']",1.0E8
Johann Rupert,['Stellenbosch University'],7.9E9
John Abele,['Amherst College'],6.03E8
John Arrillaga,['Stanford University'],2.3E9
John Caudwell,['Berry Hill High School and Sports College'],2.6E9
John Chuang,['University of Liverpool'],9.65E8
John Coates (businessman),['University of Bristol'],1.94E9
James Packer,"['Sydney', 'Cranbrook School Sydney']",3.5E9
James Pallotta,"['University of Massachusetts Amherst', 'Northeastern University']",1.0E9
James R. Leininger,"['Indiana University', 'Doctor of Medicine']",1.3E9
Jamsetji Tata,['Elphinstone College'],1000000.0
Jamshyd Godrej,['Illinois Institute of Technology'],4.8E9
Jan Koum,['San Jose State University'],8.6E9
Jane Lauder,['Stanford University'],1.4E9
Jane Wanjiru Michuki,"['University of Warwick', 'University of Nairobi', 'Kenya School of Law']",50.0
Jean Claude Gandur,"['University of Lausanne', 'Pantheon-Sorbonne University']",2.3E9
Jean Coutu (pharmacist),['Université de Montréal'],2.3E9
Jeffrey Kang,['South China University of Technology'],1.2E9
Jeffrey Katzenberg,['Ethical Culture Fieldston School'],9.57E8
Jeffrey Lorberbaum,['Bachelor of Arts'],1.7E9
Jeffrey Lurie,"['Boston University', 'Brandeis University', 'Clark University']",1.64E9
Jenni Rivera,"['California State University', 'Long Beach City College']",3.0E8
Jennifer Pritzker,['Loyola University Chicago'],1.7E9
Jeremy Jacobs,['University at Buffalo'],3.6E9
Jerome Booth,"['University of Oxford', 'University of Bristol']",1.12E8
Jerry Bruckheimer,['University of Arizona'],8.5E8
Jerry Reinsdorf,"['George Washington University', 'Northwestern University School of Law']",1.2E9
John Francis Hylan,['New York Law School'],5000.0
John Gokongwei,['De La Salle University'],5.0E9
John Griffin (businessman),['Finchley Catholic High School'],1.4E8
John Hagee,"['University of North Texas', 'Trinity University (Texas)', 'Bachelor of Science']",5000000.0
John Hugh MacMillan,"['University of Minnesota', 'Blake School (Minneapolis)', 'Berkshire School']",1.7E9
John Jacob Astor IV,"[""St. Paul's School (New Hampshire)""]",8.5E7
John Mackey (businessman),['University of Texas at Austin'],1.0E8
John Menard Jr.,['University of Wisconsin–Eau Claire'],9.1E9
John Morgridge,"['Stanford University', 'University of Wisconsin–Madison']",1.0E9
John Pritzker,['Menlo College'],2.3E9
John Riccitiello,"['University of California Berkeley', 'Bachelor of Science']",1.0E7
John Sainsbury Baron Sainsbury of Preston Candover,['Worcester College Oxford'],1.3E9
John Thompson Dorrance,"['Massachusetts Institute of Technology', 'University of Göttingen']",1.15E8
John Tu,['Technische Universität Darmstadt'],4.6E9
Johnnie Boden,"['Oriel College Oxford', 'Eton College', 'Hawtreys']",3.0E8
Jon Hunt,['Millfield'],1.186E9
Jonathan Harmsworth 4th Viscount Rothermere,"['Duke University', 'Gordonstoun']",1.37E9
Jonathan Ive,['Northumbria University'],1.3E8
Jonathan Manzi,['Stanford University'],1000000.0
Jonathan Ruffer,"['Marlborough College', 'Sidney Sussex College Cambridge']",3.8E8
Jorge Gerdau Johannpeter,['Federal University of Rio Grande do Sul'],9.26E8
Joseph Grendys,"['Loyola University Chicago', 'Holy Cross High School (River Grove Illinois)']",1.74E9
Joseph Lau,['University of Windsor'],1.31E10
Joseph Parnes,['University of Louisiana at Lafayette'],1.4E8
Josh James,['Brigham Young University'],1.0E8
José Miguel Bonetti,"['Juris Doctor', 'Bachelor of Economics']",1.0E9
Judith Faulkner,"['Dickinson College', 'University of Wisconsin–Madison']",2.6E9
Julian Robertson,['University of North Carolina at Chapel Hill'],3.4E9
J.B. Pritzker,"['Duke University', 'Northwestern University School of Law']",3.4E9
J. Christopher Burch,['Ithaca College'],1.0E9
J. Darius Bikoff,['Colgate University'],3.25E8
J. Michael Pearson,"['Duke University', 'University of Virginia']",1.5E9
J. R. Simplot,['Eighth grade'],3.6E9
Jack C. Taylor,['Washington University in St. Louis'],8.6E9
Jack Davis (industrialist),['University at Buffalo'],18.2
Jack Dellal,"['Manchester', 'Heaton Moor']",4.3E9
Jack Dorsey,"['New York University', 'Missouri University of Science and Technology']",2.3E9
Jack Ma,"['Cheung Kong Graduate School of Business', 'Hangzhou Normal University']",2.36E10
Jack Welch,"['University of Massachusetts Amherst', 'University of Illinois at Urbana–Champaign', 'Chemical engineering', 'Doctor of Philosophy', 'Bachelor of Science', 'Master of Science']",7.5E8
Jack Wrather,['University of Texas at Austin'],1.5E8
Jacqueline Mars,"['Bryn Mawr College', ""Miss Hall's School""]",2.36E10
James C. Kennedy,['University of Denver'],9.8E9
James Cameron,['Brea Olinda High School'],1.79E9
James Cayne,['Purdue University'],6.1E7
James Douglas (businessman),"['Laval University', ""Queen's University"", 'University of Edinburgh', 'Martin Luther University of Halle-Wittenberg']",1.8E7
James Dyson,"['Royal College of Art', 'Byam Shaw School of Art', ""Gresham's School""]",4.9E9
James E. Thompson,['San Jose State University'],1.0E9
James Goodnight,['North Carolina State University'],8.1E9
James Harris Simons,"['Massachusetts Institute of Technology', 'University of California Berkeley', 'Doctor of Philosophy', 'Bachelor of Science']",1.55E10
Kalanithi Maran,['University of Scranton'],3.5E9
Kamarudin Meranun,['Universiti Teknologi MARA'],2.25E8
Karen Pritzker,['Northwestern University'],4.3E9
Karl-Johan Persson,['European Business School London'],3.0E9
Kavita Oberoi,['University of Huddersfield'],1.0E7
Kelcy Warren,['University of Texas at Arlington'],1.74E9
Ken Morrison,['Bradford Grammar School'],1.0E9
Kenneth Feld,['Boston University'],1.8E9
Kenneth Fisher,['Humboldt State University'],2.7E9
Kenneth Langone,"['Bucknell University', 'New York University Stern School of Business']",2.7E9
Kevin Plank,['University of Maryland College Park'],3.9E9
Kevin Systrom,['Stanford University'],4.0E8
Khoo Teck Puat,"[""St. Joseph's Institution Singapore""]",2.6E9
Kimbal Musk,"[""Queen's University""]",2.5E9
Kirill Shamalov,['Saint Petersburg State University'],1.2E9
Kith Meng,['Australian National University'],6.0E8
Klaus Tschira,['Karlsruhe Institute of Technology'],6.7E9
Konstantin Kagalovsky,['Financial University under the Government of the Russian Federation'],1.2E9
Kris Gopalakrishnan,"['Indian Institutes of Technology', 'Master of Science', 'Master of Engineering']",1.35E9
Kumar Mangalam Birla,"['University of Mumbai', 'London Business School', 'Institute of Chartered Accountants of India']",8.3E9
Kushal Pal Singh,['Meerut College'],2.5E9
Luis Carlos Sarmiento,"['National University of Colombia', 'Civil engineer']",1.25E10
Lukas Walton,"['Colorado College', 'Journeys School']",11.0
L. Ron Hubbard,['George Washington University'],6.0E8
Lady Gaga,['New York University'],2.75E8
Lakshmi Mittal,"[""St. Xavier's College Kolkata"", 'Bachelor of Commerce']",9.8E9
Larry Ellison,"['University of Chicago', 'University of Illinois at Urbana–Champaign']",4.38E10
Larry Page,"['Stanford University', 'University of Michigan']",3.62E10
Lauren Conrad,"['Fashion Institute of Design & Merchandising', 'Laguna Beach High School']",2.5E7
Lee Kun-hee,"['George Washington University', 'Waseda University']",1.08E10
Lei Jun,['Wuhan University'],1.35E10
Leon Levy,['City College of New York'],1.0E9
Leonard N. Stern,['New York University'],5.4E9
Leonid Mikhelson,['Kuibyshev_Civil_Engineering_Institute'],1.56E10
Les Wexner,['Ohio State University'],7.2E9
Leslie Alexander (businessman),"['Thomas Jefferson School of Law', 'New York University']",1.54E9
Li Ka-shing,['High school dropouts'],3.01E10
Li Yong (television host),['Communication University of China'],5.0E8
Li Zhongchu,"['Wuhan University', 'Bachelor of Science']",4.0E9
Linda McMahon,['East Carolina University'],8.55E8
Liu Qiangdong,['Renmin University of China'],8.9E9
Lorenzo Fertitta,"['University of San Diego', 'New York University Stern School of Business']",1.6E9
Lorenzo Mendoza,"['MIT Sloan School of Management', 'Fordham University']",2.7E9
Lu Guanqiu,['Zhejiang University'],6.5E9
Lucio Tan,"['Chiang Kai Shek College', 'Far Eastern University']",4.2E9
Ömer Sabancı,"['University of Delaware', 'Economics']",3.0E9
M G George Muthoot,['Manipal Institute of Technology'],1.14E9
Ma Huateng,['Shenzhen University'],1.88E10
Madonna (entertainer),['University of Michigan'],5.2E8
Mahdi Al Tajir,['Winckley Square'],1.67E9
Manuel Moroun,['University of Notre Dame'],2.0E9
Marc Andreessen,['University of Illinois at Urbana–Champaign'],6.0E8
Marc Benioff,['University of Southern California'],3.8E9
Marc Lasry,"['Clark University', 'New York Law School']",1.9E9
Matthew Bucksbaum,['University of Iowa'],1.2E9
Matthew Freud,['Westminster School'],1.7E7
Matthew K. McCauley,['Brigham Young University'],8787661.0
Matthew McConaughey,['University of Texas at Austin'],7.5E7
Maurice Lévy (Publicis),['New Jersey City University'],1.73E8
Max Levchin,['University of Illinois at Urbana–Champaign'],300.0
Mehmet Emin Karamehmet,"['Dover College', 'Robert College']",1.15
Mel B,['Leeds West Academy'],3.3E7
Mian Muhammad Mansha,['University of the Punjab'],4.0E9
Michael Ashcroft,"['Anglia Ruskin University', 'Royal Grammar School High Wycombe', 'Norwich School (independent school)']",8.65E8
Michael Dell,['University of Texas at Austin'],2.01E10
Michael Eisner,['Denison University'],1.0E9
Michael F. Price,['University of Oklahoma'],1.25E9
Michael Flatley,['Brother Rice High School (Chicago)'],"['2.25E8', '1.91E8']"
Michael Heisley,['Georgetown University'],1.6E9
Michael Jaharis,"['Carroll University', 'DePaul University College of Law']",2.2E9
Michael Kadoorie,['Institut Le Rosey'],5.7E9
Michael Klein (businessman),['Fundação Getúlio Vargas'],1.3E9
Michael Kors,"['Fashion Institute of Technology', 'New York City']",1.0E9
Michael Krasny (businessman),['University of Illinois at Urbana–Champaign'],1.1E9
Michael Platt (financier),['London School of Economics'],"['1.5E9', '3.5E9']"
Michael Sherwood (banker),['Westminster School'],1.85E8
Michael Stoschek,['Casimirianum Coburg'],2.4E9
Michael Uren,['Sherborne School'],1.7E8
Mike Adenuga,"['Northwestern Oklahoma State University', 'Pace University', 'Ibadan Grammar School']",3.2E9
Margarita Louis-Dreyfus,['Moscow State University'],8.4E9
Marissa Mayer,['Stanford University'],3.8E8
Mark Coombs,"[""St John's College Cambridge"", 'Dulwich College']",1.8E9
Mark Cuban,"['University of Pittsburgh', 'Kelley School of Business']",3.2E9
Mark McDonald (entrepreneur),['Monash University'],5.8E7
Martha Firestone Ford,"['Vassar College', ""Bachelor's degree""]",1.36E9
Martin Naughton (businessman),['De La Salle College Dundalk'],1.25E9
Mary Perkins,"['Cardiff University', 'Fairfield Grammar School']",1.45E9
María Asunción Aramburuzabala,['Instituto Tecnológico Autónomo de México'],5.2E9
Masayoshi Son,"['University of California Berkeley', 'Holy Names University', 'Jefferson Union High School District']",1.52E10
Mike Krieger,['Stanford University'],1.0E8
Mike Lazaridis,['University of Waterloo'],7.0E8
Mikee Romero,['De La Salle University'],3.75E8
Mikhael Mirilashvili,['Saint Petersburg State University'],3.0E9
Mikhail Gutseriyev,"['Plekhanov Russian University of Economics', 'Gubkin Russian State University of Oil and Gas']",2.4E9
Mikhail Khodorkovsky,['D. Mendeleev University of Chemical Technology of Russia'],100.0
Mikhail Prokhorov,['Financial University under the Government of the Russian Federation'],7.8E9
Min Kao,"['National Taiwan University', 'University of Tennessee']",2.6E9
Minoru Mori,['University of Tokyo'],1.4E9
Miroslav Mišković,"['University of Belgrade', 'Finance']",5.073E8
Mitchell Rales,['Miami University'],4.0E9
Mo Ibrahim,"['University of Birmingham', 'University of Bradford', 'Alexandria University']",1.1E9
Mohammed Al Barwani,"['Miami University', 'Heriot-Watt University']",1.11E9
Moosa Bin Shamsher,['California State University'],1.2E10
Mukesh Ambani,"['Stanford University', 'Forest School Walthamstow', 'Institute of Chemical Technology']",2.01E10
Munib al-Masri,"['University of Texas at Austin', 'An-Najah National University']",5.0E9
Naguib Sawiris,['ETH Zurich'],3.1E9
Nancy Walton Laurie,['University of Memphis'],4.1E9
Nassef Sawiris,['Deutsche Schule der Borromäerinnen Kairo'],5.9E9
Nathan Kirsh,"['University of the Witwatersrand', 'Potchefstroom High School for Boys']",3.7E9
Naveen Selvadurai,"[""King's College London"", 'Worcester Polytechnic Institute']",8.0E7
Neil Bluhm,"['Northwestern University', 'University of Illinois at Urbana–Champaign']",3.0E9
Neil Kadisha,['University of Manchester'],1.76E9
Nichola Pease,['University of Exeter'],1.1E9
Nicholas Schorsch,['Drexel University'],1.6E9
Nick Leslau,['Mill Hill School'],2.0E8
Nick Woodman,['University of California San Diego'],7.7E8
Nicolas Berggruen,['New York University'],2.0E9
Nigella Lawson,"['University of Oxford', 'Lady Margaret Hall Oxford', 'Middle Ages', 'Modern language', 'Master of Arts (Oxbridge and Dublin)']",15.0
Nihat Özdemir,['Gazi University'],1.1E9
Nikos Pateras,['City University London'],1.1E9
N. Murray Edwards,"['University of Saskatchewan', 'University of Toronto']",2.2E9
N. R. Narayana Murthy,"['Indian Institute of Technology Kanpur', 'University of Mysore']",1.8E9
Nadhmi Auchi,"['Al-Mustansiriya University', 'Baghdad College']",1.5E9
Ole Andreas Halvorsen,"['Williams College', 'Stanford Graduate School of Business']",2.8E9
Oleg Deripaska,"['Moscow State University', 'Plekhanov Russian University of Economics']",2.5E9
Olive Willis,"['Somerville College Oxford', 'Roedean School']",16510.0
Olivia Lum,['National University of Singapore'],4.6E8
Omid Kordestani,"['San Jose State University', 'Stanford Graduate School of Business']",5.0E8
Oprah Winfrey,['Tennessee State University'],3.1E9
Oscar Wyatt,"['Texas A&M University', 'Mechanical engineering']",1.0E8
Otto Happel,['RWTH Aachen University'],2.6E9
Otumfuo Nana Osei Tutu II,['University of Professional Studies'],"['1.6', '4.5E12']"
Owen Oyston,"[""St Mary's Catholic Academy""]",100.0
Patrick Bitature,"['Institute of Chartered Secretaries and Administrators', 'Namasagali College', 'Nyakasura School']",1.0E8
Patrick Drahi,['École Polytechnique'],7.9E9
Paul Allen,"['Washington State University', 'Lakeside School (Seattle)']",1.76E10
Paul Desmarais,['University of Ottawa'],4.5E9
Paul L. Foster,['Baylor University'],1.5E9
Paul Tudor Jones,['University of Virginia'],4.7E9
Paul Walker,['Village Christian Schools'],2.5E7
Pavel Durov,['Saint Petersburg State University'],2.6E8
Pavel Tykač,['Czech Technical University in Prague'],1.03E9
Peter Hargreaves,['Clitheroe Royal Grammar School'],2.39E9
Petr Kellner,['University of Economics Prague'],1.08E10
Phaedra Parks,"['Wesleyan College', 'Juris Doctor', 'Bachelor of Arts', 'University of Georgia School of Law', 'Clarke Central High School']",2000000.0
P. N. C. Menon,['Sree Kerala Varma College'],1.23E9
Pankaj Patel,['Gujarat University'],4.1E9
Pansy Ho,['Santa Clara University'],6.4E9
Pat Ryan (executive),['Northwestern University'],2.5E9
Patrice Motsepe,"['University of the Witwatersrand', 'University of Swaziland']",2.9E9
Patricia Matte,['Pontifical Catholic University of Chile'],2.8E9
Phil Knight,"['Stanford University', 'University of Oregon']",2.81E10
Philip Anschutz,['University of Kansas'],1.01E10
Phillip Frost,"['Physician', 'Bachelor of Arts']",4.9E9
Poju Zabludowicz,['Tel Aviv University'],1.5E9
Prem Watsa,"['University of Western Ontario', 'Indian Institute of Technology Madras']",1.0E9
Pyotr Aven,['Moscow State University'],6.4E9
Qasim Ibrahim,"['Open University Malaysia', 'Honorary_Degree_Doctor_of_Entrepreneurship']",6.0E8
Qi Shi,"['Fudan University', 'Shanghai Jiao Tong University']",4.2E9
Robert Englund,"['Royal Academy of Dramatic Art', 'California State University Northridge']",1.4E7
Robert Friedland,['Reed College'],1.8E9
Robert Holding,['University of Utah'],2.6E9
Robert Miller (businessman),['Rider University'],2.5E9
Robert Pera,['University of California San Diego'],2.1E9
Robert Sangster,['Repton School'],1.1E8
Roberto Ongpin,['Ateneo de Manila University'],6.8E8
Robin Li,"['Peking University', 'University at Buffalo']",1.43E10
Rocky Wirtz,"['Northwestern University', 'North Shore Country Day School']",4.2E9
Roger Marino,['Northeastern University'],1.2E9
Romesh Wadhwani,"['Carnegie Mellon University', 'Indian Institute of Technology Bombay']",2.8E9
Ronald McAulay,['University of Glasgow'],2.6E9
Ronald S. Baron,"['Bucknell University', 'George Washington University']",2.0E9
Ross Perot,"['United States Naval Academy', 'Texarkana College']",4.1E9
Ross Perot Jr.,['Vanderbilt University'],1.6E9
Roustam Tariko,"['INSEAD', 'Moscow State University of Railway Engineering']",1.9E9
Roy E. Disney,"['Pomona College', 'Buckley School (California)']",1.2E9
Rupert Hambro,['Eton College'],1.5E8
Rupert Johnson Jr.,['Washington and Lee University'],6.0E9
Rupert Murdoch,['Worcester College Oxford'],1.17E10
Russell Weiner,['Redwood High School (Larkspur California)'],2.1E9
Ram Shriram,['University of Madras'],1.89E9
Ramesh Chandra,"['University of Southampton', 'Indian Institute of Technology Kharagpur']",1.0E9
Randa Williams,"['Rice University', 'University of Houston']",4.1E9
Randal J. Kirk,"['Radford University', 'University of Virginia School of Law']",3.8E9
Ratul Puri,['Carnegie Mellon University'],1.2E9
Ray Lee Hunt,['Southern Methodist University'],5.3E9
Reed Hastings,"['Stanford University', 'Bowdoin College', 'Computer science']",1.72E9
Reid Hoffman,"['Stanford University', 'University of Oxford']",4.6E9
Ricardo Salinas Pliego,"['Tulane University', 'Monterrey Institute of Technology and Higher Education']",8.0E9
Richard Benjamin Harrison,['Lexington Senior High School (North Carolina)'],8000000.0
Richard Livingstone (businessman),"[""St Paul's School London""]",2.6E9
Richard Rainwater,"['University of Texas at Austin', 'Stanford Graduate School of Business']",2.8E9
Richard S. Fuld Jr.,"['University of Colorado Boulder', 'New York University', 'Master of Business Administration']",1.0E8
Riley P. Bechtel,"['Stanford University', 'University of California Davis']",3.9E9
Rafael del Pino (businessman),"['MIT Sloan School of Management', 'Madrid', 'Colegio Santa María del Pilar']",5.5E9
Rajan Raheja,['University of Mumbai'],1.99E9
Rajen A. Kilachand,['Boston University'],9.0E8
Rakesh Jhunjhunwala,"['University of Mumbai', 'Institute of Chartered Accountants of India', 'Chartered accountant']",1.9E9
Ralph Lauren,['Baruch College'],5.6E9
Sara Blakely,['Florida State University'],1.0E9
Sean Parker,"['Oakton High School', 'Chantilly High School']",2.5E9
Semahat Sevim Arsel,['Robert College'],2.4E9
Serge Pun,['Basic Education High School No. 6 Botataung'],5.0E8
Sergei Viktorovich Popov,['Ural State Technical University'],4.6E9
Sergey Brin,"['Stanford University', 'University of Maryland College Park', 'Doctor of Philosophy']",3.54E10
Sergio Mantegazza,"['Gademann_Business_School', 'Istituto Elvetico Salesiani Don Bosco']",4.4E9
Seymour Schulich,['McGill University'],1.75E9
Shahid Khan,"['University of Illinois at Urbana–Champaign', 'Mechanical engineering']",6.4E9
Shane Smith (journalist),"['Carleton University', 'Lisgar Collegiate Institute']",1.27E9
Shawn Fanning,['Northeastern University'],7500000.0
Sheila Johnson,"['University of Illinois at Urbana–Champaign', 'Proviso East High School']",1.0E9
Sheldon Adelson,['City College of New York'],2.58E10
Shelim Hussain,"['Coleg Glan Hafren', 'List of places in Cardiff']",8.0E7
Shi Yuzhu,"['Zhejiang University', 'Shenzhen University']",4.0E9
Shi Zhengrong,"['University of New South Wales', 'Changchun University of Science and Technology']",2.9E9
Shiv Nadar,['PSG College of Technology'],1.19E10
Shoichiro Toyoda,"['Tohoku University', 'Nagoya University']",4.0E8
Sidney Kimmel,['Temple University'],1.35E9
Simon Cowell,['Dover College'],3.25E8
Simon Keswick,"['Trinity College Cambridge', 'Eton College']",1.75E9
Simon Nixon,"['University of Nottingham', 'St Richard Gwyn Catholic High School Flint']",9.45E8
Soichiro Fukutake,['Waseda University'],1.4E9
Sokratis Kokkalis,['Humboldt University of Berlin'],1.2E9
Solomon Lew,['Mount Scopus Memorial College'],1.2E9
Song Weiping,['Zhejiang University'],1.22E9
Sri Prakash Lohia,"['University of Delhi', 'Bachelor of Commerce']",4.2E9
Stanley Druckenmiller,['Bowdoin College'],4.4E9
Stanley Fink Baron Fink,"['Trinity Hall Cambridge', 'Manchester Grammar School']",1.8E8
Stefan Persson (magnate),['Stockholm University'],2.41E10
Stefano Gabbana,['Istituto Superiore per le Industrie Artistiche'],1.56E9
Stefano Pessina,['Polytechnic University of Milan'],1.38E10
Stelios Haji-Ioannou,"['London School of Economics', 'Cass Business School']",1.76E9
Stephanie McMahon,"['Boston University', 'Greenwich Country Day School']",5.4E7
Stephen Hillenburg,"['California Institute of the Arts', 'Humboldt State University', 'Savanna High School']",9.0E7
Stephen M. Ross,"['University of Michigan', 'Wayne State University', 'New York University']",6.7E9
Stephen Rubin,"['University College London', 'Canford School']",1.75E9
Steve Bisciotti,['Salisbury University'],3.3E9
Steve Case,['Williams College'],1.37E9
Steve Chen,['University of Illinois at Urbana–Champaign'],3.0E8
Steve Ells,"['University of Colorado Boulder', 'The Culinary Institute of America']",4.0E8
Steve Kirsch,['Massachusetts Institute of Technology'],2.3E8
Steve Wozniak,"['University of California Berkeley', 'De Anza College']",1.0E8
Steven F. Udvar-Házy,['University of California Los Angeles'],3.7E9
Steven M. Rales,"['DePauw University', 'Juris Doctor']",3.8E9
Steven R. Karp,['Boston University'],1.0E9
Steven Spielberg,"['California State University Long Beach', 'Saratoga High School (California)']",3.6E9
S. D. Shibulal,"['Boston University', 'University of Kerala', 'Master of Science']",1.08E9
S. Truett Cathy,['Henry W. Grady High School'],4.2E9
Sachin Bansal,['Indian Institute of Technology Delhi'],1.3E9
Sadruddin Hashwani,['University of Karachi'],1.1E9
Saleh Abdullah Kamel,['King Abdulaziz University'],2.3E9
Sam Goi,['Dunman High School'],2.1E9
Sam Zell,"['Juris Doctor', 'Bachelor of Arts']",4.8E9
Sameer Gehlaut,['Indian Institute of Technology Delhi'],1.23E9
Samprada Singh,['Patna University'],2.0E9
Sandro Veronesi (Entrepreneur),['University of Verona'],1.8E9
Sanela Diana Jenkins,"['University of London', 'University of Sarajevo']",1.5E8
Sanford Diller,"['University of California Berkeley', 'University of California Hastings College of the Law']",1.3E9
Stewart Resnick,"['University of California Los Angeles', 'Juris Doctor']",4.2E9
Suat Günsel,"['Middle East Technical University', 'Educational psychology']",1.1E9
Sudhir Ruparelia,['A-level'],8.0E8
Suleyman Kerimov,['english.html'],3.7E9
Sultan bin Mohammed bin Saud Al Kabeer,['King Saud University'],3.5E9
Sunil Kant Munjal,['The Doon School'],100000.0
Sunil Mittal,['Panjab University Chandigarh'],7.3E9
Susanne Klatten,['International Institute for Management Development'],1.5E10
Swraj Paul Baron Paul,"['Massachusetts Institute of Technology', 'Forman Christian College']",2.0E9
Sylvester Stallone,['University of Miami'],4.0E8
Theodore Angelopoulos,['University of Zurich'],6.3E8
Thomas F. Frist Jr.,"['Washington University in St. Louis', 'Vanderbilt University']",8.1E9
Thomas J. Autzen,['Oregon State University'],2800000.0
Thomas Kwok,"['Imperial College London', 'London Business School']",1.63E10
Thomas Peterffy,['Clark University'],1.09E10
Thomas Pritzker,['Booth School of Business'],2.9E9
Thomas Secunda,['Binghamton University'],1.9E9
Thomas Siebel,"['University of Illinois at Urbana–Champaign', 'Master of Business Administration', 'Bachelor of Arts']",2.0E9
Tim Cook,"['Duke University', 'Auburn University', 'Master of Business Administration', 'Bachelor of Science']",7.85E8
Timothy Boyle,['University of Oregon'],1.71E9
Timur Kulibayev,['Moscow State University'],2.1E9
Tom Benson,"['Loyola University New Orleans', 'Brother Martin High School']",2.2E9
Tom Golisano,['Alfred State College'],1.9E9
Tom Gores,['Michigan State University'],3.3E9
Tom Hanks,"['California State University Sacramento', 'Chabot College']",3.9E8
Tom Love,"[""St. Gregory's University""]",3.9E9
Tom Persson,['Met Film School'],2.9E9
Tony Fernandes,"['London School of Economics', 'Epsom College', 'Alice Smith School']",2.3E8
Tony Tan (entrepreneur),"['University of Santo Tomas', 'Chiang Kai Shek College']",2.6E9
Travis Barker,['Fontana High School'],8.5E7
Trevor Rees-Jones,['Highland Park High School (University Park Texas)'],5.2E9
Tuncay Özilhan,"['Long Island University', 'Istanbul University']",1.6E9
Ty Warner,['Kalamazoo College'],2.5E9
T. Boone Pickens,['Oklahoma State University–Stillwater'],1.0E9
T. Denny Sanford,['University of Minnesota'],1.4E9
T. S. Kalyanaraman,['Sree Kerala Varma College'],1.0E9
Taizo Son,['University of Tokyo'],1.2E9
Tamara Gustavson,['University of Southern California'],4.3E9
Ted Leonsis,['Georgetown University'],1.0E9
Ted Lerner,"['George Washington University', 'George Washington University Law School']",5.2E9
Teresa Heinz,"['University of the Witwatersrand', 'University of Geneva']",1.0E9
Vagit Alekperov,['Azerbaijan State University of Oil and Industry'],1.14E10
Vardis Vardinogiannis,['Hellenic Naval Academy'],7.112E8
Viatcheslav Moshe Kantor,['Moscow Aviation Institute'],2.3E9
Victor Muller,['Leiden University'],7500000.0
Vikram Lal,['The Doon School'],3.9E9
Vince Gilligan,['Tisch School of the Arts'],1.5E7
Vincent Bolloré,['Lycée Janson de Sailly'],7.3E9
Vincent Tchenguiz,"['Boston University', 'New York University', 'McGill University']",8.5E8
Vincent Viola,"['United States Military Academy', 'New York Law School']",2.2E9
Vinod Khosla,"['Carnegie Mellon University', 'Stanford Graduate School of Business', 'Indian Institute of Technology Delhi']",1.5E9
Vladimir Aleksandrovich Antonov,['Plekhanov Russian University of Economics'],3.0E8
Vladimir Lisin,"['Siberian State Industrial University', 'Russian Presidential Academy of National Economy and Public Administration']",9.1E9
Vladimir Makhlai,['Perm_Polytechnic_Institute'],1.0E9
Vladimir Potanin,['Moscow State Institute of International Relations'],12.7
Walid Juffali,"['Imperial College London', 'University of San Diego']",4.0E9
Wang Chuanfu,"['Central South University', 'Beijing_Non-Ferrous_Research_Institute']",4.7E9
Wang Jianlin,['Liaoning University'],2.91E10
Wang Wenjing,['Jiangxi University of Finance and Economics'],2.7E9
Wang Yusuo,"['Renmin University of China', 'Tianjin University']",3.2E9
Wendy Williams,['Northeastern University'],6.0E7
William Thomas Stead,['Silcoates School'],13000.0
William Wrigley Jr. II,['Phoenix Country Day School'],2.6E9
Wolfgang Marguerre,"['Heidelberg University', 'INSEAD']",2.8E9
Xu Ming,"['Dongbei University of Finance and Economics', 'Shenyang Aerospace University']",4.9E8
Xue Xiangdong,['Hunan University'],2.3E9
Yvonne Bauer,['University of Bamberg'],2.7E9
Yang Huiyan,['Ohio State University'],5.1E9
Yang Yuanqing,"['University of Science and Technology of China', 'Shanghai Jiao Tong University']",1.25E9
Yashoda Naidoo,"['University of Natal', 'University of South Africa']",1800000.0
Yiorgos Vardinogiannis,['Hellenic Naval Academy'],1.5E9
Yoel Bouza,['Florida International University'],1.5E8
Yoshikazu Tanaka,['Nihon University'],1.9E9
Zhang Jindong,['Nanjing Normal University'],5.5E9
Zhang Xin (businesswoman),"['University of Sussex', 'University of Cambridge']",3.6E9
Zhang Zhixiang,['Zhejiang University'],2.8E9
Zhou Chengjian,['Zhejiang University'],1.9E9
Zhou Hongyi,"[""Xi'an Jiaotong University""]",1.4E9
Ziyavudin Magomedov,['Moscow State University'],3.0E9
